<?xml version="1.0" encoding="UTF-8" ?>
<security>
    <item name="shareSDKPlus_SinaWei_AppKey" value="568898243" />
    <item name="shareSDKPlus_SinaWei_AppSecret" value="38a4f8204cc784f81f9f0daaf31e02e3" />
    <item name="shareSDKPlus_SinaWei_RedirectUri" value="http://www.sharesdk.cn" />
    <item name="shareSDKPlus_SinaWei_AppUniversalLink" value="https://70imc.share2dlink.com/" />
    
    <item name="shareSDKPlus_QQ_AppKey" value="1110451818" />
    <item name="shareSDKPlus_QQ_AppSecret" value="OlbzvuSP3Hgj5yNS" />
    <item name="shareSDKPlus_QQ_AppUniversalLink" value="https://70imc.share2dlink.com/" />


    <item name="shareSDKPlus_Wechat_AppKey" value="wx617c77c82218ea2c" />
    <item name="shareSDKPlus_Wechat_AppSecret" value="c7253e5289986cf4c4c74d1ccc185fb1" />
    <item name="shareSDKPlus_Wechat_AppUniversalLink" value="https://70imc.share2dlink.com/" />

    <item name="shareSDKPlus_Douyin_AppKey" value="awycvl19mldccyso" />
    <item name="shareSDKPlus_Douyin_AppSecret" value="8793a4dfdc3636cbda0924a3cfbc8424" />

    <item name="shareSDKPlus_Facebook_AppKey" value="1412473428822331" />
    <item name="shareSDKPlus_Facebook_AppSecret" value="a42f4f3f867dc947b9ed6020c2e93558" />
    <item name="shareSDKPlus_Facebook_DisplayName" value="shareSDK" />

    <item name="shareSDKPlus_Twitter_AppKey" value="viOnkeLpHBKs6KXV7MPpeGyzE" />
    <item name="shareSDKPlus_Twitter_AppSecret" value="NJEglQUy2rqZ9Io9FcAU9p17omFqbORknUpRrCDOK46aAbIiey" />
    <item name="shareSDKPlus_Twitter_RedirectUri" value="http://mob.com" />

    <item name="shareSDKPlus_Instagram_AppKey" value="1145188725813939" />
    <item name="shareSDKPlus_Instagram_AppSecret" value="256191f3abb381a9d481f6f9bbaef179" />
    <item name="shareSDKPlus_Instagram_RedirectUri" value="https://www.mob.com/" />

    <item name="shareSDKPlus_Google_AppKey" value="232554794995-4m0c7j0f289fkq05ee0abkso4p9d904i.apps.googleusercontent.com" />
    <item name="shareSDKPlus_Google_AppSecret" value="" />
    <item name="shareSDKPlus_Google_RedirectUri" value="http://localhost" />

    <item name="shareSDKPlus_Line_AuthType" value="2" />

    <item name="shareSDKPlus_AliPaySocial_AppKey" value="2017062107540437" />


    <item name="shareSDKPlus_DingTalk_AppKey" value="dingoabcwtuab76wy0kyzo" />
        
    <param name="shareSDKPlus_DingTalkAuth_AppKey" value="dingoacafcjgm0etysbv6r" />
    <param name="shareSDKPlus_DingTalkAuth_AppSecret" value="AMDCSN0sgQt2Gzx_xFU0og9cE_P9fDTumRUg3nYdxKrqL-2bgVIlM6Xj4sRzZMTC" />
    <param name="shareSDKPlus_DingTalkAuth_RedirectUri" value="https://www.mob.com/sharesdk/dingding" />

    <item name="shareSDKPlus_YinXiang_AppKey" value="46131514-6903" />
    <item name="shareSDKPlus_YinXiang_AppSecret" value="08d7a6f3afcc888a" />
    <item name="shareSDKPlus_YinXiang_Sandbox" value="1" />

    <item name="shareSDKPlus_YouDaoNote_AppKey" value="dcde25dca105bcc36884ed4534dab940" />
    <item name="shareSDKPlus_YouDaoNote_AppSecret" value="d98217b4020e7f1874263795f44838fe" />
    <item name="shareSDKPlus_YouDaoNote_RedirectUri" value="http://www.sharesdk.cn/" />

    <item name="shareSDKPlus_Mingdao_AppKey" value="97230F25CA5C" />
    <item name="shareSDKPlus_Mingdao_AppSecret" value="A5DC29AF7C5A5851F28E903AE9EAC0" />
    <item name="shareSDKPlus_Mingdao_RedirectUri" value="http://mob.com" />

    <item name="shareSDKPlus_Kaixin_AppKey" value="358443394194887cee81ff5890870c7c" />
    <item name="shareSDKPlus_Kaixin_AppSecret" value="da32179d859c016169f66d90b6db2a23" />
    <item name="shareSDKPlus_Kaixin_RedirectUri" value="http://www.sharesdk.cn/" />

    <item name="shareSDKPlus_Renren_AppId" value="226427" />
    <item name="shareSDKPlus_Renren_AppKey" value="fc5b8aed373c4c27a05b712acba0f8c3" />
    <item name="shareSDKPlus_Renren_AppSecret" value="f29df781abdd4f49beca5a2194676ca4" />
    <item name="shareSDKPlus_Renren_AuthType" value="2" />

    <item name="shareSDKPlus_YiXin_AppKey" value="yxfddfe3934340436da964fd20885fe2a4" />
    <item name="shareSDKPlus_YiXin_AppSecret" value="574471e102e1e5d2a" />
    <item name="shareSDKPlus_YiXin_RedirectUri" value="http://www.mob.com" />

    <item name="shareSDKPlus_Kakao_AppKey" value="9c17eb03317e0e627ec95a400f5785fb" />
    <item name="shareSDKPlus_Kakao_AppSecret" value="802e551a5048c3172fc1dedaaf40fcf1" />
    <item name="shareSDKPlus_Kakao_RedirectUri" value="http://www.mob.com/oauth" />

    <item name="shareSDKPlus_YouTube_AppKey" value="232554794995-4m0c7j0f289fkq05ee0abkso4p9d904i.apps.googleusercontent.com" />
    <item name="shareSDKPlus_YouTube_AppSecret" value="AIzaSyDO66lmq1iQnPZT5ePqy265QylzaX2WCg8" />
    <item name="shareSDKPlus_YouTube_RedirectUri" value="http://localhost" />

    <item name="shareSDKPlus_Flickr_AppKey" value="cbed81d4a1bc7417693ab7865e354717" />
    <item name="shareSDKPlus_Flickr_AppSecret" value="4c490343869091f2" />

    <item name="shareSDKPlus_Dropbox_AppKey" value="us514wslpfojbxc" />
    <item name="shareSDKPlus_Dropbox_AppSecret" value="w0nmp4os3ngo1ja" />
    <item name="shareSDKPlus_Dropbox_RedirectUri" value="http://localhost" />

    <item name="shareSDKPlus_Evernote_AppKey" value="46131514-6903" />
    <item name="shareSDKPlus_Evernote_AppSecret" value="08d7a6f3afcc888a" />
    <item name="shareSDKPlus_Evernote_Sandbox" value="1" />

    <item name="shareSDKPlus_Pinterest_AppKey" value="5057854497590653616" />

    <item name="shareSDKPlus_Pocket_AppKey" value="11496-de7c8c5eb25b2c9fcdc2b627" />
    <item name="shareSDKPlus_Pocket_RedirectUri" value="pocketapp1234" />

    <item name="shareSDKPlus_LinkedIn_AppKey" value="75x5xdhllzno44" />
    <item name="shareSDKPlus_LinkedIn_AppSecret" value="uiS3nlE7XBGmTL3P" />
    <item name="shareSDKPlus_LinkedIn_RedirectUri" value="http://mob.com" />

    <item name="shareSDKPlus_VKontakte_AppKey" value="5312801" />
    <item name="shareSDKPlus_VKontakte_AppSecret" value="ZHG2wGymmNUCRLG2r6CY" />
    <item name="shareSDKPlus_VKontakte_AuthType" value="2" />

    <item name="shareSDKPlus_Instapaper_AppKey" value="4rDJORmcOcSAZL1YpqGHRI605xUvrLbOhkJ07yO0wWrYrc61FA" />
    <item name="shareSDKPlus_Instapaper_AppSecret" value="GNr1GespOQbrm8nvd7rlUsyRQsIo3boIbMguAl9gfpdL0aKZWe" />

    <item name="shareSDKPlus_Tumblr_AppKey" value="2QUXqO9fcgGdtGG1FcvML6ZunIQzAEL8xY6hIaxdJnDti2DYwM" />
    <item name="shareSDKPlus_Tumblr_AppSecret" value="3Rt0sPFj7u2g39mEVB3IBpOzKnM3JnTtxX2bao2JKk4VV1gtNo" />
    <item name="shareSDKPlus_Tumblr_RedirectUri" value="http://sharesdk.cn" />

    <item name="shareSDKPlus_SMS_CountryList" value="0" />

    <item name="shareSDKPlus_Telegram_BotToken" value="792340449:AAE9EZeQaXU9wq_r6X7Jalg8jITUEKYr9vw" />
    <item name="shareSDKPlus_Telegram_BotDomain" value="http://www.mob.com" />

    <item name="shareSDKPlus_Reddit_AppKey" value="ObzXn50T7Cg0Xw" />
    <item name="shareSDKPlus_Reddit_RedirectUri" value="https://www.mob.com/reddit_callback" />
    
    <param name="shareSDKPlus_TikTok_AppKey" value="aw3vqar8qg1oy91q" />
    <param name="shareSDKPlus_TikTok_AppSecret" value="18cf1714c53e9f9c64aec484ca4f2e29" />
    
    <param name="shareSDKPlus_KuaiShou_AppKey" value="ks705657770555308030" />
    <param name="shareSDKPlus_KuaiShou_AppSecret" value="RQ17enXUOioeoDMrwk3j2Q" />
    <param name="shareSDKPlus_KuaiShou_AppUniversalLink" value="https://70imc.share2dlink.com/" />
    
    <param name="shareSDKPlus_WeWork_Schema" value="wwautha21eaecf93f0e3ba000012" />
    <param name="shareSDKPlus_WeWork_Appkey" value="wwa21eaecf93f0e3ba" />
    <param name="shareSDKPlus_WeWork_AgentId" value="1000012" />
    <param name="shareSDKPlus_WeWork_AppSecret" value="dW7e27P7Hc8NiYdRxnbTeOLgfI1ugR72e-PM8uusq2s" />
    
    <param name="shareSDKPlus_Oasis_AppKey" value="568898243" />
    
    <param name="shareSDKPlus_Snapchat_ClientId" value="dc8e6068-0578-41b8-8392-4da009519725" />
    <param name="shareSDKPlus_Snapchat_ClientSecret" value="" />
    <param name="shareSDKPlus_Snapchat_RedirectUrl" value="ssdkmoba0b0c0d0://mob" />
</security>
